{
  "components": [
    {
      "data": {
        "contents_checksum": "371106bf86ac58b08e5195e591cddea20f36b0473c9fb85033c349d9509408d7", 
        "source": "", 
        "type": "tar"
      }, 
      "dependencies": [
        "bq", 
        "core"
      ], 
      "details": {
        "description": "Provides the bq tool for interacting with the BigQuery service.", 
        "display_name": "BigQuery Command Line Tool (Platform Specific)"
      }, 
      "id": "bq-win", 
      "is_configuration": false, 
      "is_hidden": true, 
      "is_required": false, 
      "platform": {
        "operating_systems": [
          "WINDOWS"
        ]
      }, 
      "version": {
        "build_number": 20200228153217, 
        "version_string": "2.0.54"
      }
    }
  ], 
  "revision": 20200228153217, 
  "schema_version": {
    "no_update": false, 
    "url": "https://dl.google.com/dl/cloudsdk/channels/rapid/google-cloud-sdk.tar.gz", 
    "version": 3
  }, 
  "version": "283.0.0"
}