{
  "components": [
    {
      "data": {
        "contents_checksum": "320f3e158d8e8c82eda84d08bf739fb41b42c7f85bd62814ee8094916b96ffec", 
        "source": "", 
        "type": "tar"
      }, 
      "dependencies": [
        "bq-nix", 
        "bq-win", 
        "core"
      ], 
      "details": {
        "description": "Provides the bq tool for interacting with the BigQuery service.", 
        "display_name": "BigQuery Command Line Tool"
      }, 
      "id": "bq", 
      "is_configuration": false, 
      "is_hidden": false, 
      "is_required": false, 
      "platform": {}, 
      "version": {
        "build_number": 20200228153217, 
        "version_string": "2.0.54"
      }
    }
  ], 
  "revision": 20200228153217, 
  "schema_version": {
    "no_update": false, 
    "url": "https://dl.google.com/dl/cloudsdk/channels/rapid/google-cloud-sdk.tar.gz", 
    "version": 3
  }, 
  "version": "283.0.0"
}