{
  "components": [
    {
      "data": {
        "contents_checksum": "e2e091762d82bb70ddf1f4d54845715e09127dcbc185ccce166a8e61081ccb79", 
        "source": "", 
        "type": "tar"
      }, 
      "dependencies": [
        "core", 
        "gcloud-deps", 
        "ssh-tools"
      ], 
      "details": {
        "description": "Handles all core functionality for the Cloud SDK.", 
        "display_name": "Cloud SDK Core Libraries (Platform Specific)"
      }, 
      "id": "core-win", 
      "is_configuration": false, 
      "is_hidden": true, 
      "is_required": true, 
      "platform": {
        "operating_systems": [
          "WINDOWS"
        ]
      }, 
      "version": {
        "build_number": 20200228153217, 
        "version_string": "2020.02.28"
      }
    }
  ], 
  "revision": 20200228153217, 
  "schema_version": {
    "no_update": false, 
    "url": "https://dl.google.com/dl/cloudsdk/channels/rapid/google-cloud-sdk.tar.gz", 
    "version": 3
  }, 
  "version": "283.0.0"
}