{
  "components": [
    {
      "data": {
        "contents_checksum": "2bbd9d1b7368a7e9573300a761e615f17c384e6136ce18820ff8759cf344ee62", 
        "source": "", 
        "type": "tar"
      }, 
      "dependencies": [
        "core-nix", 
        "core-win", 
        "gcloud-deps", 
        "ssh-tools"
      ], 
      "details": {
        "description": "Handles all core functionality for the Cloud SDK.", 
        "display_name": "Cloud SDK Core Libraries"
      }, 
      "id": "core", 
      "is_configuration": false, 
      "is_hidden": false, 
      "is_required": true, 
      "platform": {}, 
      "version": {
        "build_number": 20200228153217, 
        "version_string": "2020.02.28"
      }
    }
  ], 
  "revision": 20200228153217, 
  "schema_version": {
    "no_update": false, 
    "url": "https://dl.google.com/dl/cloudsdk/channels/rapid/google-cloud-sdk.tar.gz", 
    "version": 3
  }, 
  "version": "283.0.0"
}