{
  "components": [
    {
      "data": {
        "contents_checksum": "45fe00a477373d04bc99865e240029b1390dce07ffd9fde0f0e9b80a59b326fc", 
        "source": "", 
        "type": "tar"
      }, 
      "dependencies": [
        "core", 
        "gcloud-deps-darwin-x86", 
        "gcloud-deps-darwin-x86_64", 
        "gcloud-deps-linux-x86", 
        "gcloud-deps-linux-x86_64", 
        "gcloud-deps-windows-x86", 
        "gcloud-deps-windows-x86_64"
      ], 
      "details": {
        "description": "Set of third_party gcloud cli dependencies.", 
        "display_name": "gcloud cli dependencies"
      }, 
      "id": "gcloud-deps", 
      "is_configuration": false, 
      "is_hidden": true, 
      "is_required": false, 
      "platform": {}, 
      "version": {
        "build_number": 20200228153217, 
        "version_string": "2020.02.28"
      }
    }
  ], 
  "revision": 20200228153217, 
  "schema_version": {
    "no_update": false, 
    "url": "https://dl.google.com/dl/cloudsdk/channels/rapid/google-cloud-sdk.tar.gz", 
    "version": 3
  }, 
  "version": "283.0.0"
}