{
  "components": [
    {
      "data": {
        "contents_checksum": "d80665b4c431da9297442a91ab4c98595d900532bac710f92c87b050e4f6465c", 
        "source": "", 
        "type": "tar"
      }, 
      "dependencies": [
        "core", 
        "gcloud-deps"
      ], 
      "details": {
        "description": "Set of third_party gcloud cli dependencies.", 
        "display_name": "gcloud cli dependencies"
      }, 
      "id": "gcloud-deps-windows-x86_64", 
      "is_configuration": false, 
      "is_hidden": true, 
      "is_required": false, 
      "platform": {
        "architectures": [
          "x86_64"
        ], 
        "operating_systems": [
          "WINDOWS"
        ]
      }, 
      "version": {
        "build_number": 20200228153217, 
        "version_string": "2020.02.28"
      }
    }
  ], 
  "revision": 20200228153217, 
  "schema_version": {
    "no_update": false, 
    "url": "https://dl.google.com/dl/cloudsdk/channels/rapid/google-cloud-sdk.tar.gz", 
    "version": 3
  }, 
  "version": "283.0.0"
}