{
  "components": [
    {
      "data": {
        "contents_checksum": "df09505a5c9eaa998ec504f4907a6dac54c72144bc86ce06a240642eafd436d9", 
        "source": "", 
        "type": "tar"
      }, 
      "dependencies": [
        "core", 
        "gsutil-nix", 
        "gsutil-win"
      ], 
      "details": {
        "description": "Provides the gsutil tool for interacting with Google Cloud Storage.", 
        "display_name": "Cloud Storage Command Line Tool"
      }, 
      "id": "gsutil", 
      "is_configuration": false, 
      "is_hidden": false, 
      "is_required": false, 
      "platform": {}, 
      "version": {
        "build_number": 20200228153217, 
        "version_string": "4.48"
      }
    }
  ], 
  "revision": 20200228153217, 
  "schema_version": {
    "no_update": false, 
    "url": "https://dl.google.com/dl/cloudsdk/channels/rapid/google-cloud-sdk.tar.gz", 
    "version": 3
  }, 
  "version": "283.0.0"
}