{
  "components": [
    {
      "data": {
        "contents_checksum": "5cd60dabd23a9669eb3d8accbe222a5ec6386be0041a020f824a234156ff51cf", 
        "source": "", 
        "type": "tar"
      }, 
      "dependencies": [
        "core", 
        "gsutil"
      ], 
      "details": {
        "description": "Provides the gsutil tool for interacting with Google Cloud Storage.", 
        "display_name": "Cloud Storage Command Line Tool (Platform Specific)"
      }, 
      "id": "gsutil-win", 
      "is_configuration": false, 
      "is_hidden": true, 
      "is_required": false, 
      "platform": {
        "operating_systems": [
          "WINDOWS"
        ]
      }, 
      "version": {
        "build_number": 20200228153217, 
        "version_string": "4.48"
      }
    }
  ], 
  "revision": 20200228153217, 
  "schema_version": {
    "no_update": false, 
    "url": "https://dl.google.com/dl/cloudsdk/channels/rapid/google-cloud-sdk.tar.gz", 
    "version": 3
  }, 
  "version": "283.0.0"
}