{
  "components": [
    {
      "data": {
        "contents_checksum": "129fc5761f993761e3ea1225bf474d4c8c35dbe103d020d4cc833cb17deee7a5", 
        "source": "", 
        "type": "tar"
      }, 
      "dependencies": [
        "ssh-tools"
      ], 
      "details": {
        "description": "Provides Windows command line ssh tools.", 
        "display_name": "Windows command line ssh tools"
      }, 
      "id": "ssh-tools-windows", 
      "is_configuration": false, 
      "is_hidden": true, 
      "is_required": false, 
      "platform": {
        "operating_systems": [
          "WINDOWS"
        ]
      }, 
      "version": {
        "build_number": 20200228153217, 
        "version_string": "2020.02.28"
      }
    }
  ], 
  "revision": 20200228153217, 
  "schema_version": {
    "no_update": false, 
    "url": "https://dl.google.com/dl/cloudsdk/channels/rapid/google-cloud-sdk.tar.gz", 
    "version": 3
  }, 
  "version": "283.0.0"
}